matter_id,file_num,name,primary_sponsor
72311,Int 1030-2024,"Requiring the department of transportation to mail notices to, and receive comments from, residents, businesses, and organizations along the route of a proposed bicycle lane project.",Lee
74814,Int 1046-2024,Establishing a pilot program to provide oral appliances to individuals diagnosed with sleep apnea.,Abreu
75119,Int 1144-2024,"Bi-annual reporting of safe havens, shelters and drug treatment centers",Ayala
74556,Int 1080-2024,Requiring the integration of mental health professionals into public service answering points.,Louis
74958,Int 1098-2024,Madison Avenue BID,Powers
74687,Int 1027-2024,Requiring that people in the custody and staff of the DOC have access to gender-affirming items and medical devices.,Hudson
74719,Int 1019-2024,Reporting and publication of mental health emergency response data.,Brannan
74990,Int 1106-2024,Annual study to identify non-operational schools and the subsequent removal of speed cameras from eliminated school speed zones.,Hanks
75085,Int 1147-2024,Requiring the cleaning of medians at least once per quarter.,Brooks-Powers
75178,Int 1145-2024,Requiring that electric bicycles and electric scooters that are part of share systems have speedometers and limit electric speed assistance to new riders.,Brewer
75155,Int 1157-2024,Requiring child protective specialists to provide certain information to parents and other persons legally responsible for the care of children who are the subject of reports of child abuse or maltreatment.,Rivera
74473,Int 1179-2025,Establishing a public outreach and education campaign regarding the availability and use of fentanyl test strips.,Bottcher
75083,Int 1131-2024,Establishment of a task force to study options for making street design and infrastructure safer in consideration of increased use of electric bicycles and related collisions.,Brooks-Powers
75311,Int 1178-2025,"Renaming one thoroughfare in the Borough of Queens, The Live End, and to amend the official map of the city of New York accordingly.",Williams
75246,Int 1193-2025,Requiring home improvement contractors to provide information on required permits to owners and requiring public outreach and education on the watch list of contractors performing work without a permit.,Salaam
75035,Int 1129-2024,Complaints to 311 about overhead wires.,Williams
74718,Int 1068-2024,Establishing rules of decorum for posting on official social media accounts.,Williams
74444,Int 1110-2024,"Information on safe passage routes for students in New York city public schools, and to repeal section two of such local law upon the expiration thereof.",Sanchez
74890,Int 1074-2024,Limited hoist machine operator license requirements for rotating telehandlers.,Farías
72392,Int 1029-2024,Providing local community boards and elected officials with advance notice of planned street closures.,Hudson
75158,Int 1172-2025,Pilot program to establish a pet food pantry.,Holden
75039,Int 1123-2024,Stationary on-street containers for the storage and collection of residential waste.,Hudson
75149,Int 1152-2024,Prohibiting the sale of flavored cigarettes.,Joseph
75059,Int 1128-2024,Construction of ancillary dwelling units.,Sanchez
74725,Int 1041-2024,Outreach campaign to inform parents about their rights in relation to child care programs.,Sanchez
74682,Int 1037-2024,Posting certain information in multiple dwellings containing rent stabilized units.,Nurse
75388,Int 1201-2025,Access to gender-affirming care facilities and a cause of action related to interference with gender-affirming care.,Hanif
75091,Int 1135-2024,Minimum payments to grocery delivery workers.,Gutiérrez
72116,Int 1091-2024,Identifying and explaining the use of tree pits located on streets and in landscaped parks on the tree map.,Brewer
74782,Int 1054-2024,10-year plan to support aging in place.,Hudson
74527,Int 1060-2024,The sale of tianeptine.,Lee
74868,Int 1071-2024,Reporting on domestic violence emergency and tier II shelters.,Ayala
74532,Int 1056-2024,Training for medical personnel in public schools and reporting on participation in such training.,Hudson
73527,Int 1156-2024,Establishing a prevailing wage requirement for covered workers in financially assisted facilities.,Riley
75165,Int 1140-2024,"Annual reporting on firehouse vehicles, equipment and supplies.",Ariola
75262,Int 1186-2025,Requiring the department of sanitation to conduct a study regarding the feasibility of accommodations for religious practices that conflict with set-out times for solid waste and recyclable materials.,Louis
72739,Int 1187-2025,Requiring third-party food delivery services and food service establishments to display sanitary inspection letter grades online.,Louis
75305,Int 1169-2025,Safe collection and disposal of needles and syringes.,Feliz
73682,Int 1063-2024,"Third party transfer program, and to repeal sections 11-425, 11-426, and 11-427 of such code, relating to agreements for payment of delinquent taxes and charges in installments.",Sanchez
75410,Int 1189-2025,Study and report on expediting the child care permitting process.,Menin
75259,Int 1167-2025,Resignation of members of boards of directors of business improvement district management associations.,Farías
74257,Int 1047-2024,Establishing a sleep apnea screening pilot program and public education and outreach campaign.,Abreu
74446,Int 1008-2024,Eliminating the fees for firearm licenses and permits.,Paladino
75072,Int 1191-2025,Requiring a study of and changes to information requested in the supportive housing application.,Nurse
74685,Int 1036-2024,Requiring the DOC to provide reports regarding people in custody who have been ordered to undergo a mental health examination.,Nurse
70882,Int 1180-2025,Capping renewable energy credits to 10% of a building’s electricity emissions in excess of its limit.,De La Rosa
74764,Int 1061-2024,Department of correction report on sexual abuse.,Louis
74724,Int 1033-2024,Education and outreach campaign to enroll students in 3-K and pre-K.,Menin
74772,Int 1052-2024,LGBTQIA+ foster youth experience surveys.,Hudson
72354,Int 1014-2024,Campaign finance board deadlines.,Powers
74850,Int 1095-2024,Requiring the civilian complaint review board to conduct an investigation of any injury or death caused by police action.,Louis
74973,Int 1101-2024,Requiring the police department to provide information and officer training relating to identity theft.,Salaam
74915,Int 1099-2024,Requiring reporting on the impact of algorithmic tools on city employees and changes in employment responsibilities due to algorithmic tools.,Powers
74541,Int 1038-2024,Master plan for the redevelopment of Rikers Island for sustainability and resiliency purposes.,Nurse
75408,Int 1196-2025,Prohibiting the unauthorized depiction of public officials by artificial intelligence.,Williams
73459,Int 1118-2024,Ability of supreme court justices in the twelfth and thirteenth judicial districts to order summary inquiries into official misconduct.,Carr
74839,Int 1195-2025,Requiring a study and plan regarding the installation of tactile paving on sidewalks.,Ung
74798,Int 1202-2025,Prohibiting the installation of artificial grass in city parks.,Marte
74859,Int 1109-2024,Suspension of alternate side parking regulations on Duarte Day.,Salamanca
74995,Int 1104-2024,Study and report on the feasibility of new ferry terminals.,Brooks-Powers
74209,Int 1028-2024,Automatic enrollment of eligible individuals in city-created benefit programs,Hudson
74531,Int 1002-2024,"Requiring all schools to stock airway clearance devices, and to repeal section two of such local law upon the expiration thereof.",Marmorato
72146,Int 1138-2024,Prohibiting standing or parking a vehicle within 20 feet of a crosswalk at an intersection.,Won
75017,Int 1166-2025,Requiring notification of community boards and elected officials before renewing an emergency shelter contract.,Carr
74696,Int 1058-2024,Determining the feasibility of creating of a junior lifeguard corps.,Krishnan
75201,Int 1163-2025,Requiring the NYC Department of Education to report on outreach to parents and guardians of eligible students about the NYC Scholarship Account program.,Menin
74709,Int 1025-2024,Provision of information regarding employment discrimination and older adult workforce programs.,Hudson
75115,Int 1162-2025,Requiring the commissioner of health and mental hygiene to report annually on suicides that occur in the city.,Louis
74112,Int 1159-2025,Reporting on the number of alternate compliance options to street tree planting requirements approved by the department of parks and recreation.,Avilés
74985,Int 1170-2025,Establishing ferry service to LaGuardia and John F. Kennedy International airports.,Holden
73638,Int 1173-2025,Requiring bicyclists to wear protective headgear.,Holden
74581,Int 1097-2024,Requiring certain retail stores to accept flexible benefit cards.,Riley
74799,Int 1050-2024,Limiting the amount of liability coverage that the taxi and limousine commission may require for vehicles it licenses.,De La Rosa
74698,Int 1021-2024,Suspension of alternate side parking regulations on Patriot Day.,Farías
75224,Int 1160-2025,Installing pavement markings.,Brannan
74602,Int 1077-2024,Provision of luggage to foster care youth.,Joseph
74781,Int 1048-2024,Conducting a complaint based siren sound study in the city.,Brewer
75260,Int 1175-2025,Civil legal services for domestic violence survivors in divorce proceedings.,Menin
75282,Int 1165-2025,Creation of a public awareness campaign for the disability rent increase exemption program.,Bottcher
75391,Int 1194-2025,Provision of services to people living with HIV and AIDS.,Schulman
72985,Int 1093-2024,Increasing the percentage of disability set aside units in affordable housing projects.,Lee
74466,Int 1015-2024,"Prohibiting the wearing of ski masks in public places, on school premises, and on child care program premises",Ariola
74821,Int 1085-2024,"Watch list of commercial landlords determined to have knowingly leased premises to, or otherwise allowed the use of premises by, unlicensed sellers of cigarettes, electronic cigarettes, tobacco products, or illicit cannabis.",Schulman
74733,Int 1017-2024,Study and report on the feasibility of direct ferry service to Coney Island.,Brannan
71983,Int 1065-2024,Terms of employment for district managers.,Williams
72098,Int 1076-2024,Requiring the inclusion of businesses owned by persons of Middle Eastern and North African descent in future disparity studies.,Hanif
75121,Int 1146-2024,Expanding the availability of the newborn home visiting program.,Brooks-Powers
74702,Int 1124-2024,Prohibiting the sale of disposable electronic cigarettes.,Menin
74888,Int 1092-2024,"Educating older adults about elder fraud, end of life preparation, and financial literacy.",Hudson
74605,Int 1067-2024,"Assistance program for homeowners experiencing groundwater flooding in the city of New York and a southeast Queens flooding adaptation assistance task force, and to repeal certain such amendments upon the expiration thereof.",Williams
74421,Int 1010-2024,"Pilot program to install surveillance cameras in parks to deter illegal motor vehicle use, and to repeal this local law upon the expiration thereof.",Ung
75138,Int 1149-2024,Language accessibility at ferry terminals.,Farías
74889,Int 1082-2024,Study and report on fees and costs required to start and maintain a small business.,Narcisse
74590,Int 1044-2024,Creation of a mobile application on exercise and nutrition programs.,Schulman
69108,Int 1103-2024,Community outreach regarding the availability of mental health resources in response to violent and traumatic incidents.,Ayala
74856,Int 1087-2024,Study on a program to make bridge loans available to awardees of capital funding from the city.,Williams
74451,Int 1001-2024,Creating an automated text messaging system to provide participants with important reminders regarding children’s health and development.,Gutiérrez
74701,Int 1111-2024,Adjustment of contribution and expenditure limits to account for two-year council terms.,Schulman
74924,Int 1136-2024,Suspension of alternate side of the street parking rules near street work that reduces the number of available parking spaces.,Vernikov
75172,Int 1155-2024,Requiring the department of housing preservation and development to provide a resource guide regarding shared driveways.,Narcisse
74955,Int 1107-2024,Common households for short-term rentals in one- and two-family dwellings.,Louis
74596,Int 1011-2024,Requiring the commissioner of information technology and telecommunication to report on complaints received regarding residential space used as a business.,Ung
74595,Int 1022-2024,Requiring a study and plan regarding naturally occurring retirement communities and aging in place.,Gutiérrez
74861,Int 1075-2024,Requiring borough presidents to provide trainings on legislative processes and rules of parliamentary procedure to local entities.,Farías
74867,Int 1070-2024,Expanding reporting on domestic violence shelter exits.,Ayala
74497,Int 0999-2024,Installation of vape detectors in public middle and high schools.,Ariola
69116,Int 1069-2024,Reducing the maximum time commercial vehicles may park,Williams
75310,Int 1185-2025,"Plan to mitigate wildfires in parks under the jurisdiction of the department of parks and recreation,",Krishnan
75396,Int 1198-2025,Prohibiting public disclosure of the addresses of certain shelter facilities.,Won
75033,Int 1188-2025,Informational resource for newly married individuals.,Louis
75090,Int 1133-2024,Protections for contracted delivery workers.,Nurse
75144,Int 1150-2024,Creation of a comprehensive stormwater plan and a stormwater dashboard.,Gennaro
74704,Int 1034-2024,"Notices in connection with rent increase exemptions, real property tax abatements, and exemptions from payments in lieu of taxes for certain properties occupied by senior citizens or persons with disabilities.",Menin
74552,Int 1009-2024,"Requiring the department of education to report on early childhood education seat availability, outreach, and staff vacancies.",Restler
75070,Int 1126-2024,"Requiring the provision of official waste containers at no cost to certain residential buildings with 2 or fewer dwelling units, and providing for the repeal of such local law upon the expiration thereof.",Salaam
74653,Int 1078-2024,Prohibiting the sale of certain gift cards that lack chip-and-PIN technology.,Lee
75011,Int 1112-2024,Requiring police precincts to develop plans for identifying and responding to individuals with special needs.,Stevens
75031,Int 1108-2024,Street cleanliness requirements for city concessionaires and franchisees.,Menin
74371,Int 1031-2024,Requiring agencies that issue vacate orders to provide documentation of vacate orders to affected occupants upon request.,Marte
74765,Int 1053-2024,A study and report on the feasibility of creating older adult information points.,Hudson
75012,Int 1137-2024,Budgets of the equal employment practices commission and the commission on civil and human rights.,Williams
75032,Int 1117-2024,Requiring an annual report on the state of waterfront infrastructure.,Avilés
75281,Int 1164-2025,Requiring an interagency portal to track street vending enforcement.,Ariola
75175,Int 1148-2024,Requiring the department of social services to provide a receipt for applications for benefits or services.,Cabán
74769,Int 1051-2024,Identification of formerly enslaved African American burial sites.,Hanks
74601,Int 1057-2024,Student journalism programming in New York city public high schools.,Joseph
75071,Int 1181-2025,Requiring that notices of violation issued by the department of health and mental hygiene during inspections of food service establishments include photographs or video recordings of each violation cited in such notice.,Farías
73624,Int 1192-2025,Establishing a climate migrant services coordinator,Rivera
75303,Int 1168-2025,Dismissal of certain parking tickets issued to doulas.,Farías
73615,Int 1176-2025,Regulating the police department’s response to first amendment events.,Ossé
74816,Int 1130-2024,Regulation of indirect sources of air pollution.,Avilés
74683,Int 1026-2024,Quarterly reporting regarding the visitation of incarcerated individuals and requiring the DOC to record interactions in which an individual is informed about a visitor and refuses to attend the visit.,Hudson
75073,Int 1120-2024,Establishing timelines for cooperative corporations to approve or deny the sale of cooperative apartments.,Farías
74952,Int 1088-2024,Charter revision commission to draft a new or revised city charter.,Adams
72195,Int 1116-2024,"Inventory of vacant industrial space, and an estimate of underutilization of industrial space, in significant maritime industrial areas.",Avilés
74793,Int 1084-2024,Requiring the department of transportation to install e-bicycle battery stations.,Nurse
74124,Int 1100-2024,Supportive housing eligibility for justice involved persons.,Rivera
74891,Int 1096-2024,Protecting the vested health insurance coverage and contributions of retired employees of the city of New York.,Marte
74692,Int 1073-2024,Requiring bird friendly materials in certain existing buildings.,Cabán
74351,Int 1024-2024,Requiring a centralized list of artificial intelligence tools approved to be used by agencies,Gutiérrez
74699,Int 1066-2024,Creation of a task force to review the impacts of artificial intelligence on civil service and civil service employees.,Williams
75478,Int 1204-2025,"Requiring the commissioner of health and mental hygiene to develop a health agenda to promote the health and wellbeing of transgender, gender nonconforming, nonbinary, and intersex New Yorkers.",Ossé
74940,Int 1113-2024,Providing notice of applications for stoop line stand licenses to community boards and council members.,Ung
74686,Int 1035-2024,Review of the potential use of lower-strength oleoresin capsicum sprays in facilities operated by the department of correction.,Nurse
74586,Int 1039-2024,Setting maximum amounts for certain member usage fees charged by a bike share operator.,Restler
68867,Int 1094-2024,Culturally competent training on recognizing the signs of female genital mutilation.,Louis
74851,Int 1086-2024,Notifying interested parties of the recording of certain real estate instruments.,Williams
74959,Int 1090-2024,Authorizing an increase in the amount to be expended annually in 9 business improvement districts.,Brannan
75445,Int 1199-2025,Creating an office of housing development fund company outreach.,Abreu
75180,Int 1139-2024,Hours of operation of adult-use cannabis retail dispensaries.,Ariola
74703,Int 1072-2024,Press access in city hall.,Brannan
70355,Int 1134-2024,Race and ethnicity data collected by agencies.,Krishnan
75166,Int 1142-2024,Installing child with autism warning plaques on streets.,Ariola
75474,Int 1200-2025,Public information and outreach campaign regarding legal rights and resources available to TGNCNBI individuals.,Cabán
75132,Int 1171-2025,Requiring a study and recommendations on the feasibility of implementing a pilot program to provide reconsolidation of traumatic memories therapy for veterans.,Holden
72178,Int 1122-2024,Plan for expanding home access to broadband internet.,Gutiérrez
74507,Int 1089-2024,Allowing sick time to be used for the care for certain animals.,Abreu
72036,Int 1020-2024,Replacement of the individual responsible for implementing certain duties of the commissioner of investigation relating to the police department and reporting on investigations relating to the police department.,Brewer
75060,Int 1127-2024,A pilot program to convert existing basement or cellar apartments to habitable dwelling units.,Sanchez
75105,Int 1151-2024,Establishing a program that transfers liability for certain engine idling violations to lessees of vehicles.,Gennaro
74738,Int 1045-2024,Prohibiting the operation of shared electric scooter systems on certain streets in the Borough of Queens.,Ung
72198,Int 1042-2024,Reporting on training for child care inspectors.,Sanchez
75015,Int 1125-2024,Requiring the department of education to report on school librarians and library access in New York city public schools.,Restler
75068,Int 1158-2024,Establishing procedures for blood alcohol level testing of a uniformed member of the police department whose discharge of a firearm results in physical injury to or death of an individual.,Salaam
74533,Int 1055-2024,"Prohibiting discrimination on the basis of family and relationship structure in employment, housing, and public accommodations.",Hudson
71312,Int 1007-2024,Community land trust regulatory agreements for the provision of services in addition to housing that benefit the local community.,Nurse
73347,Int 1119-2024,Ability of supreme court justices in the twelfth and thirteenth judicial districts to hear objections to charter amendment petitions.,Carr
75066,Int 1143-2024,Feasibility study of zero-emission port operations.,Avilés
74820,Int 1141-2024,Requiring the installation of security cameras in parks.,Ariola
74689,Int 1083-2024,Collection and sale of organic waste and compost by community composters.,Nurse
74423,Int 1079-2024,Police department to timely retrieve stored sexual offense evidence collection kits.,Louis
75114,Int 1154-2024,Establishing a high visibility pavement marking pilot program and the repeal of this local law upon the expiration thereof.,Menin
74679,Int 1032-2024,Establishing a universal application and recertification system for the senior citizen rent increase exemption program and disability rent increase exemption program.,Marte
73642,Int 1183-2025,Requiring the dept of small business services to conduct a study on the economic impact of film and television production on local businesses and develop a plan to mitigate lost revenue attributable to filming.,Holden
74754,Int 1049-2024,Requiring sellers of petroleum products for use in motor vehicles or motor boats to disclose preauthorization holds.,Brooks-Powers
71302,Int 1182-2025,Tip Theft Prevention Act.,Hanif
74684,Int 1023-2024,"Requiring the DOC to establish, operate and maintain an online scheduling system to facilitate visits to incarcerated individuals.",Gutiérrez
72286,Int 1043-2024,Requiring the department of health and mental hygiene to create and implement a public awareness strategy to offer overdose prevention and reversal training to public health sanitarians of the department and to teaching staff of child care programs.,Sanchez
74975,Int 1105-2024,Tracking progress made towards the requirements of the streets master plan.,Brooks-Powers
75098,Int 1132-2024,Geographically targeted regulatory compliance services for small businesses.,Feliz
74796,Int 1064-2024,Requiring transparency concerning promotional opportunities.,Williams
74864,Int 1081-2024,Requiring the department of consumer and worker protection to confirm receipt of complaints related to fair work practices and to notify the person or entity under investigation of the receipt of the complaint.,Menin
74862,Int 1161-2025,Reporting and analysis of pay and employment equity data concerning city contractors.,Louis
75312,Int 1190-2025,Establishing a special inspector of cybersecurity within the department of investigation.,Narcisse
75069,Int 1121-2024,Providing contracted ferry service at reduced cost to middle school students.,Farías
74790,Int 1059-2024,Distribution of materials on water safety in schools.,Krishnan
73980,Int 1006-2024,Defining community land trusts for the provision of services in addition to housing that benefit the local community.,Nurse
75424,Int 1184-2025,Establishing a program to support older adults providing kinship care.,Hudson
73712,Int 1040-2024,Creating expedited processing of FOIL requests to professional journalists,Rivera
75041,Int 1115-2024,Stationary on-street containers for the storage and collection of waste from buildings owned by the city.,Abreu
74766,Int 1062-2024,Clarifying the requirement that heads of mayoral agencies advise and assist elected officials and bodies of elected officials in regard to matters under the jurisdiction of their agencies.,Restler
75247,Int 1174-2025,Creation and publicization of an online portal for vulnerable and homebound individuals to voluntarily facilitate their inclusion in outreach and recovery efforts during emergencies.,Lee
74659,Int 1018-2024,"Prohibiting the sale of dogs and cats in pet shops, and to repeal paragraph 5 of subdivision d of section 17-373, and sections 17-1703, 17-1704, and 17-1705 of such code, relating to required information, recordkeeping, and minimum standards in pet shops.",Brannan
74544,Int 1177-2025,Requiring sodium and added sugar warnings in all restaurants.,Stevens
72754,Int 1016-2024,"Consumer warnings regarding rifles, shotguns, and firearms.",Bottcher
75479,Int 1203-2025,"Requiring the chair of the commission on gender equity to develop a plan to support newly arrived migrants 24 years old and younger and transgender, gender non-conforming, non-binary, and intersex newly arrived migrants.",Ossé
72234,Int 1102-2024,Requiring covered stores to collect and recirculate reusable bags.,Abreu
75000,Int 1114-2024,Requiring the commissioner of transportation to create an online capital project tracker.,Won
75157,Int 1153-2024,Naming of 109 thoroughfares and public places.,Krishnan
75399,Int 1197-2025,"Requiring the department of investigation to investigate the fire department’s compliance with laws and policies relating to discrimination, harassment, and equal employment opportunity.",Williams
