bin,account_name,postcode,boro,state,phone
3348300.0,ALLOCCO RECYCLING LTD.,11222,BROOKLYN,NY,(718) 349-3094
,"BIOYORK, LLC",18447,,PA,(570) 416-2700
,"LIFECYCLE RENEWABLES, INC.",01945,,MA,888-461-9831
4315088.0,"THE CESSPOOL MAN, INC.",11693,QUEENS,NY,(718) 945-6262
,AMD CONTRACTING LLC,07104,,NJ,(973) 641-0091
,"RESTAURANT TECHNOLOGIES, INC.",55120,,MN,(651) 796-1600
3197263.0,"BIG APPLE JUNK REMOVAL, INC.",11229,BROOKLYN,NY,(800) 505-9521
1048714.0,"THE DOE FUND, INC.",10028,MANHATTAN,NY,646-672-4456
3242437.0,JUNK REMOVALS R US INC.,11234,BROOKLYN,NY,718-500-2293
,"PSC INDUSTRIAL OUTSOURCING, LP",07080,,NJ,(908) 364-6019
5156049.0,RPM CARTING INC.,10307,STATEN IS,NY,929-284-5068
2048914.0,ANTHONY RUBBISH REMOVAL INC.,10462,BRONX,NY,(917) 742-3385
4000718.0,PRESTIGE INDUSTRY CORP.,11101,QUEENS,NY,(718) 609-0111
5039620.0,1 TAKE ALL CORP,10314,STATEN IS,NY,(646) 725-5024
3335562.0,MYBEM CORP.,11206,BROOKLYN,NY,(718) 384-4846
3059630.0,PM CLEANING AND RECYCLING INC,11211,BROOKLYN,NY,(929) 250-2411
,APPROVED SHREDDING LLC,10550,,NY,914-512-1563
,"INDEPENDENCE CARTING, INC.",11791,,NY,(516) 682-9283
,"SKYLINE TRANSFER STATION, LLC",11520,,NY,(516) 442-1242
,"SHRED SERVICES, INC.",11520,,NY,(718) 875-1200
,"OMNI WASTE SERVICES, INC.",07407,,NJ,(973) 279-0003
,NORTH STAR INDUSTRIES INC.,11793,,NY,(516) 876-0404
,GREEN ISLAND GROUP CORP.,11716,,NY,(631) 256-5711
,MKNAB LLC,10550,,NY,(914) 494-8470
,"VEOLIA ES TECHNICAL SOLUTIONS, L.L.C.",07836,,NJ,(973) 691-7321
3387707.0,CENTRAL PAVEMENT INC.,11205,BROOKLYN,NY,929-232-1763
,CAMPBELL JUNK REMOVAL LLC,11580,,NY,(929) 342-7911
,INTEGRITY GENERAL CONTRACTORS INC.,10950,,NY,(646) 479-8792
3326723.0,ENVIROGREEN SOLUTIONS INC.,11207,BROOKLYN,NY,(718) 495-4747
1089527.0,"EASTSIDE FLOOR SUPPLIES, LTD.",10035,MANHATTAN,NY,(212) 426-8500
,JOE'S WASTE PAPER CORP.,11232,,NY,(718) 369-1312
,F + L RECYCLING LLC,07031,,NJ,8622491109
,ROGERS GREEN CORP,11706,,NY,(631) 299-9906
5122865.0,JUST RUBBISH REMOVAL LLC,10305,STATEN IS,NY,(646) 371-2167
,"RUSSELL REID WASTE HAULING AND DISPOSAL SERVICE CO., INC.",08832,,NJ,(732) 225-2238
,SHRED UP INC.,08861,,NJ,(718) 234-1313
,"ACV ENVIRONMENTAL SERVICES, INC.",07065,,NJ,(732) 375-9988
,"SUPERSCRAP, INC.",11542,,NY,347-937-8737
,"OILMATIC SYSTEMS, L.L.C.",08832,,NJ,(732) 324-9890
,"DORADO ENVIRONMENTAL, INC.",07712,,NJ,732-598-1058
3334730.0,CUTTING ROOM RECYCLING CORP.,11205,BROOKLYN,NY,(718) 622-1786
,"CLASSIC DEMOLITION COMPANY, INC.",07014,,NJ,(973) 777-0600
3000000.0,"DB CONTRACTING SERVICES, INC",11207,BROOKLYN,NY,(917) 682-3534
,TRADEMARK WASTE SOLUTIONS LLC,07110,,NJ,9736615142
,CENTURY WASTE SERVICES L.L.C.,07201,,NJ,(908) 558-9540
4438023.0,DNO EQUIPMENT AND DEVELOPMENT INC.,11354,QUEENS,NY,718-961-3700
5114407.0,I.F.M CONTRACTING INC.,10304,STATEN IS,NY,(718) 788-3479
,SALCO INDUSTRIES INC.,11561-4745,,NY,(516) 578-6032
4119819.0,TIAN TIAN JUNK REMOVAL INC.,11358,QUEENS,NY,(917) 981-8833
4003901.0,# 1 WASTE & RECYCLER INC.,11106,QUEENS,NY,(718) 287-0490
3008529.0,"STREETPLUS COMPANY, LLC",11231,BROOKLYN,NY,718-222-4549
5086602.0,JUNK HEROES LLC,10309,STATEN IS,NY,347-620-0900
4038902.0,LIAVIV CONSTRUCTION CORP,11373,QUEENS,NY,(347) 567-8276
4017050.0,VARDARIS TECH INC.,11105,QUEENS,NY,718-729-3210
,L & Y ENTERPRISES LLC,07505,,NJ,609-270-7989
4058824.0,SCIENTIFIC ENVIRONMENTAL LLC,11378,QUEENS,NY,718-433-3880
3336610.0,"K M A INDUSTRIES, INC.",11222,BROOKLYN,NY,(347) 809-3601
,CITY-WIDE SEWER & DRAIN SERVICE CORP.,11514,,NY,(718) 846-6766
5000000.0,"WEST SHORE TRUCKING, INC.",10303,STATEN IS,NY,(718) 273-0657
,GREEN GRID US LLC,11790,,NY,(718) 209-0909
,"ACCELERATED WASTE SYSTEMS, INC.",07096,,NJ,(201) 863-1063
,"PERFETTO ENTERPRISES CO., INC.",10302,STATEN IS,NY,(718) 442-4212
,"JEG, INC.",07603,,NJ,(201) 567-6391 /92
3070559.0,"SHER-DEL TRANSFER & RELOCATION SERVICES, INC.",11237,BROOKLYN,NY,718-599-3400
4169405.0,GREEN BAY SANITATION CORP.,11363,QUEENS,NY,(718) 428-1939
,R.A. FONTANILLAS LLC,11421,,NY,(646) 203-1037
,ROYAL WASTE SERVICES INC.,11433,QUEENS,NY,(718) 526-2623
3394075.0,KLEEN IT INC.,11219,BROOKLYN,NY,917-708-3242
2072470.0,COPPOLA PAVING & LANDSCAPING CORP.,10475,BRONX,NY,(718) 325-8815
,"COMMERCIAL DISTRICT SERVICES, LLC",07003,,NJ,(201) 918-2426
,"INNOVATIVE RECYCLING TECHNOLOGIES, INC.",11757,,NY,(631) 225-3044
,"S&M TIRE RECYCLING, INC.",11520,,NY,(516) 223-2010
3059907.0,RUSH RUBBISH LLC,11211,BROOKLYN,NY,929-288-9188
2014759.0,P & P OIL WASTE SERVICES LLC,10468,BRONX,NY,(718) 300-8708
4311876.0,"LUG LIFE, LLC",11106,QUEENS,NY,(212) 982-1284
,CROWN WASTE CORP,11714,,NY,(516) 827-5060
5134533.0,"FAZTEC INDUSTRIES, INC.",10303,STATEN IS,NY,(718) 494-1600
4089201.0,MRT BWR CORP,11385,QUEENS,NY,718-821-9706
1005262.0,C. MCCORMACK INC.,10009,MANHATTAN,NY,(212) 674-2750
,"HHJR CONSTRUCTION, LTD",11553,,NY,516-623-9555
3326822.0,WORKING AND LEARNING TOGETHER ELECTRONICS RECYCLING INC.,11207,BROOKLYN,NY,347-854-9623
,J & R RENDERING INC.,07093,,NJ,(201) 868-3081
1014414.0,RAPID RUBBISH LLC,10001,MANHATTAN,NY,(212) 782-2474
,"CSK ENERGY GROUP, INC.",07031,,NJ,(855) 228-6684
,"EMERGI-CLEAN, INC.",08822,,NJ,(908) 598-0980
4000000.0,BASIN HAULAGE INC.,11378,QUEENS,NY,(718) 366-6513
,KEY CONTAINER SERVICE INC.,11757,,NY,(516) 489-3708
,"CITIWASTE, LLC",77054,,TX,(718) 372-3887
4029191.0,G.G. REPAIRS & MAINTENANCE CORP.,11372,QUEENS,NY,(718) 639-0646
,APPROVED STORAGE AND WASTE HAULING INC,10550,,NY,(914) 664-4791
,"I W T TRANSPORT, INC.",07436,,NJ,(201) 644-0485
3076906.0,VDJ NEW YORK RECYCLING CORP.,11237,BROOKLYN,NY,(347) 357-0052
4218157.0,KNR MANAGEMENT INC,11433,QUEENS,NY,9176559436
3423685.0,BE GREEN TRUCKING LLC,11211,BROOKLYN,NY,(718) 366-4017
,PRIORITY FIRST CARTING INC.,10306,,NY,(347) 848-7845
5110987.0,VIBEZ TRUCKING INC.,10303,STATEN IS,NY,7185684644
4619248.0,J & N DOLCINIUM INC,11357,QUEENS,NY,3479879617
2119017.0,K & P WASTE DISPOSAL SERVICES INC,10466,BRONX,NY,(646) 535-3476
,"ORGANIX RECYCLING, LLC",72801,,AR,(708) 326-3900
,"FREEDOM WASTE & RECYCLING, INC.",11050,,NY,(516) 523-1242
,TLC HAULING INC,11764,,NY,(631) 300-0556
2048807.0,ANM CONSTRUCTION CORP.,10462,BRONX,NY,718-883-9133
5150131.0,"GAETA INTERIOR DEMOLITION, INC.",10309,STATEN IS,NY,(718) 448-3000
,"MONMORE OF NEW YORK, INC",10550,,NY,914-359-0068
,"RECYCLE TRACK SYSTEMS NYC, LLC",10006,,NY,(646) 762-8882
5016551.0,NY HILL RESTORATION INC.,10301,STATEN IS,NY,(718) 273-1824
,DARLING INGREDIENTS INC.,07105,,NJ,(973) 465-1900
4045019.0,CITYWIDE CONTAINER SERVICE CORP.,11368,QUEENS,NY,(718) 599-9087
5005190.0,MILLENNIUM RECYCLING CORP.,10302,STATEN IS,NY,(718) 448-3147
,D. DANIELS CONTRACTING LTD.,11096-1612,,NY,(516) 239-2067
4439111.0,P K REMODELING INC.,11101,QUEENS,NY,917-744-3138
,CONSTITUTION WORKGROUP LLC,66215,,KS,913-340-7791
2097473.0,UNITED BROTHERS PRO CONSTRUCTION CORP,10475,BRONX,NY,(718) 882-0218
,"DOING IT RIGHT TECHNOLOGIES, LLC",07306,,NJ,(201) 500-4556
,"ATLANTIC RECOVERY SERVICES, INC.",19047,,PA,215-945-4827
2113333.0,"REMOVEALLMYJUNK, INC.",10472,BRONX,NY,(917) 557-0725
,ALL BORO ENTERPRISES CORP.,10962,,NY,718-280-1731
1061631.0,"WATSON'S PLUMBING, HEATING & BUILDING SERVICES, INC.",10031,MANHATTAN,NY,212-368-3434
5106635.0,GREEN ENVIRONMENTAL SERVICES CORP,10310,STATEN IS,NY,718-448-3000
3203032.0,D. B. C. INTERIOR INC.,11235,BROOKLYN,NY,917-418-3847
,IMWOTH LLC,08753,,NJ,732-244-0950
4281645.0,M&G OPERATING GROUP CORP,11413,QUEENS,NY,(646) 377-7478
3009727.0,SAJID ENTERPRISES INC,11232,BROOKLYN,NY,718-924-2556
,USA SHRED LLC,11379,,NY,(718) 326-0384
,EASTSIDE BULK TRANSPORT LLC,07849,,NJ,973-303-1200
,"ENVIRONMENTAL PROTECTION & IMPROVEMENT COMPANY, LLC",07105,,NJ,443-589-9000
,M & M SANITATION CORP.,07032,,NJ,(973) 274-1002
4262292.0,"F.C. CONSTRUCTION CONTRACTING, INC.",11436,QUEENS,NY,(917) 769-1628
,EAST COAST ENVIRONMENTAL RESTORATION INC.,11735,,NY,(631) 600-2000
4196114.0,"DR JUNK REMOVAL, INC.",11418,QUEENS,NY,(646) 581-4425
5043762.0,N & M DEMOLITION INC.,10304,STATEN IS,NY,(718) 351-6273
3326720.0,GREEN OIL RECYCLING INC.,11207,BROOKLYN,NY,(718) 301-9797
,"MYDATT SERVICES, INC.",37209,,TN,(917) 273-8368
3235657.0,RRR BROOKLYN CORP,11234,BROOKLYN,NY,(718) 419-8285
4085671.0,DONPAN LLC,11385,QUEENS,NY,718-326-6969
,C&C RECYCLING INC.,08857,,NJ,(732) 416-6877
,OCEAN & RIVER CLEAN INC.,11590,,NY,(646) 706-2660
5000000.0,APACHE ENVIRONMENTAL & DEVELOPMENT LLC,10303,STATEN IS,NY,(718) 727-0100
2056368.0,5 BOROUGH WASTE REMOVAL INC,10467,BRONX,NY,7184806489
3188002.0,"CODE CONSTRUCTION, LLC",11224,BROOKLYN,NY,(718) 273-9130
,TAULAND KITCHEN & BATH INC.,10509,,NY,914-663-6363
,"DATA-STRUCTION, INC.",11572,,NY,7189453500
4619750.0,ECD NY INC.,11105,QUEENS,NY,718-388-6705
4540084.0,"RAREFORM CARTING, INC.",11378,QUEENS,NY,(718) 205-5188
,S. & M. PROMPT RUBBISH REMOVAL SERVICE INC.,11520,,NY,(516) 223-2010
,HV SHRED INC.,11729,,NY,(845) 705-7279
1064966.0,SOLUTIONS ALL IN ONE LLC,10034,MANHATTAN,NY,3476002706
4129872.0,GOOD NEWS USA CORPORATION,11357,QUEENS,NY,(917) 842-5780
4062059.0,"J & T BRO, INC.",11379,QUEENS,NY,347-294-0082
,"DANIELS SHARPSMART, INC.",60604,,IL,(312) 285-9087
,LAKIN TIRE EAST INCORPORATED,06516,,CT,(203) 932-5801
1005596.0,ISSEKS BROS. LLC,10002,MANHATTAN,NY,212-267-2688
5088011.0,"RONYS SERVICES, INC.",10307,STATEN IS,NY,6464277881
3069971.0,HAWK. AA LLC,11222,BROOKLYN,NY,347-678-9010
3332170.0,"THE FASTWAY GROUP, LLC.",11215,BROOKLYN,NY,(646) 326-9047
4620225.0,ONESTYLE CLEANING SOLUTIONS CORPORATION,11416,QUEENS,NY,3478584894
3390312.0,"DANILO, A, RECYCLING, INC",11237,BROOKLYN,NY,(917) 681-0137
,GREEN MACHINE ENTERPRISES LLC,11561,,NY,5169039437
,"R & C RUBBISH REMOVAL, INC.",11726,,NY,(631) 608-9099
3104779.0,H & O HAULING INC,11236,BROOKLYN,NY,(917) 749-4477
,TRIBORO TRUCKING CORP,11530,,NY,516-489-6758
2079423.0,"HANDS IN UNITY, LLC",10465,BRONX,NY,347-674-6024
,T.E.V. CORP.,07114,,NJ,862-218-0954
,MEDXWASTE-NY LLC,11729,,NY,(844) 733-2247
,"CLEANOUTS R US, INC.",11710,,NY,(718) 4962572
,"TRIUMVIRATE ENVIRONMENTAL, INC.",02143,,MA,(617) 628-8098
5106635.0,PERCIBALLI CONTAINER SERVICE INC.,10310,STATEN IS,NY,(718) 351-3373
4437268.0,TULLY ENVIRONMENTAL INC.,11368,QUEENS,NY,(718) 446-7000
,FILCO CARTING CORP.,07624,,NJ,833-GO-FILCO
,ACTION CARTING ENVIRONMENTAL SERVICES INC.,07666,,NJ,(973) 623-7600
,ACE OIL MANAGEMENT INC,11590,,NY,(929) 888-5599
3391348.0,"CLEAN COLLECTION, INC.",11207,BROOKLYN,NY,(926) 610-2406
4004361.0,"B & H RESTORATION, INC.",11101,QUEENS,NY,(718) 274-5598
,SUPREME LOCKS CORP.,10952,,NY,(917) 440-6660
,"G.T.O. SERVICES, INC.",19136,,PA,(215) 332-2100
3392243.0,COGENT WASTE SOLUTIONS LLC,11222,BROOKLYN,NY,(718) 349-7555
,CMP CONTRACTING INC,10469,,NY,(718) 798-4383
4033912.0,LUIS CONSTRUCTION NY INC,11369,QUEENS,NY,347-605-6521
,IRON MOUNTAIN SECURE SHREDDING INC,07305,,NJ,201-984-6248
5078147.0,SATRIANO ENVIRONMENTAL LLC,10312,STATEN IS,NY,917-957-3815
3391219.0,WILLO TRUCKING LLC,11208,BROOKLYN,NY,(917) 488-0794
5025269.0,D.R.P.K. DEMOLITION INC,10302,STATEN IS,NY,(862) 295-6306
5035868.0,"JERRY THE RUBBISH MAN & COMPANY, INC.",10314,STATEN IS,NY,(718) 236-8771
3397336.0,NOVA CONSTRUCTION SERVICES LLC,11222,BROOKLYN,NY,718-349-7770
,GREENWORLD NY LLC,11580,,NY,(347) 833-5349
,"WILENTA CARTING OF NY, INC.",07094,,NJ,(201) 863-3035
5007157.0,AARDVARK TRUCKING INC,10301,STATEN IS,NY,(718) 208-5462
,CYNTOX LIMITED LIABILITY COMPANY,08527,,NJ,(855) 429-6869
,RON'S TRUCKING CORPORATION,10703,,NY,(914) 423-1773
3213981.0,FLAT RATE JUNK REMOVAL CORP,11210,BROOKLYN,NY,(800) 299-5865
,REGENCY RECYCLING CORP.,11559,,NY,(718) 525-7100
4104197.0,EVEREST REMOVAL INC.,11357,QUEENS,NY,(347) 247-9057
4443231.0,IMVROS WASTE INC,11356,QUEENS,NY,(718) 663-2200
4027126.0,"RITE-WAY INTERNAL REMOVAL, INC.",11377-2230,QUEENS,NY,(718) 458-8900
1025240.0,"LAUMONT PHOTOGRAPHICS, INC.",10019,MANHATTAN,NY,718-361-3361
3024821.0,"DUN-RITE RUBBISH REMOVAL, INC.",11215,BROOKLYN,NY,(718) 398-6343
,"MCVAC ENVIRONMENTAL SERVICES, INC.",06513,,NY,203-498-1427
4222291.0,4D CONSTRUCTION INC.,11423,QUEENS,NY,(516) 303-0776
,PURE GREEN RECYCLING LLC,10705,,NY,786-718-5063
3012518.0,MIDDLE EAST MANAGEMENT CORP,11220,BROOKLYN,NY,718-965-1483
