event_id,event_organizer
62356,Prospect Park Alliance
62340,Prospect Park Alliance
62333,Wave Hill
62334,Partnerships for Parks
62290,Art & Antiquities
62272,Bryant Park Corporation
62398,Prospect Park Alliance
62417,Prospect Park Alliance
62374,Prospect Park Alliance
62313,Art & Antiquities
62278,Northern Manhattan Parks
62390,Prospect Park Alliance
62426,Prospect Park Alliance
62424,Prospect Park Alliance
62289,Art & Antiquities
62249,Historic Tappen Park Community Partnership
62274,New York Restoration Project
62377,Prospect Park Alliance
62283,Queens Recreation
62276,GreenThumb
62418,Prospect Park Alliance
62373,Prospect Park Alliance
62384,Prospect Park Alliance
62368,Prospect Park Alliance
62363,Prospect Park Alliance
62375,Prospect Park Alliance
62228,New York Botanical Garden
62435,Prospect Park Alliance
62370,Prospect Park Alliance
62316,Art & Antiquities
62367,Prospect Park Alliance
62428,Prospect Park Alliance
62360,Prospect Park Alliance
62348,Prospect Park Alliance
62437,Prospect Park Alliance
62411,Prospect Park Alliance
62302,Art & Antiquities
62273,Bryant Park Corporation
62372,Prospect Park Alliance
62436,Prospect Park Alliance
62412,Prospect Park Alliance
62327,Wave Hill
62438,Prospect Park Alliance
62325,Wave Hill
62306,Art & Antiquities
62359,Prospect Park Alliance
62241,New York Botanical Garden
62344,Prospect Park Alliance
62234,New York Botanical Garden
62440,Prospect Park Alliance
62422,Prospect Park Alliance
62311,Art & Antiquities
62350,Prospect Park Alliance
62357,Prospect Park Alliance
62284,Queens Recreation
62382,Prospect Park Alliance
62369,Prospect Park Alliance
62392,Prospect Park Alliance
62431,Prospect Park Alliance
62326,Wave Hill
62401,Prospect Park Alliance
62240,New York Botanical Garden
62245,New York Botanical Garden
62242,New York Botanical Garden
62391,Prospect Park Alliance
62224,New York Botanical Garden
62307,Art & Antiquities
62239,New York Botanical Garden
62314,Art & Antiquities
62330,Wave Hill
62353,Prospect Park Alliance
62270,Bryant Park Corporation
62347,Prospect Park Alliance
62394,Prospect Park Alliance
62318,Central Park Conservancy
62423,Prospect Park Alliance
62415,Prospect Park Alliance
62414,Prospect Park Alliance
62235,New York Botanical Garden
62378,Prospect Park Alliance
62229,New York Botanical Garden
62362,Prospect Park Alliance
62341,Prospect Park Alliance
62386,Prospect Park Alliance
62310,Art & Antiquities
62345,Prospect Park Alliance
62397,Prospect Park Alliance
62277,GreenThumb
62279,Fort Tryon Park Trust
62303,Art & Antiquities
62279,Northern Manhattan Parks
62346,Prospect Park Alliance
62432,Prospect Park Alliance
62286,Art & Antiquities
62231,New York Botanical Garden
62396,Prospect Park Alliance
62405,Prospect Park Alliance
62334,Shorakapok Earth Keepers
62400,Prospect Park Alliance
62295,Art & Antiquities
62281,Washington Heights Inwood Development Corporation
62292,Art & Antiquities
62433,Prospect Park Alliance
62361,Prospect Park Alliance
62439,Prospect Park Alliance
62343,Prospect Park Alliance
62227,New York Botanical Garden
62321,Wave Hill
62355,Prospect Park Alliance
62413,Prospect Park Alliance
62429,Prospect Park Alliance
62351,Prospect Park Alliance
62243,New York Botanical Garden
62236,New York Botanical Garden
62395,Prospect Park Alliance
62371,Prospect Park Alliance
62312,Art & Antiquities
62232,New York Botanical Garden
62247,New York Botanical Garden
62298,Art & Antiquities
62309,Art & Antiquities
62335,Prospect Park Alliance
62389,Prospect Park Alliance
62409,Prospect Park Alliance
62383,Prospect Park Alliance
62410,Prospect Park Alliance
62402,Prospect Park Alliance
62285,Art & Antiquities
62365,Prospect Park Alliance
62305,Art & Antiquities
62404,Prospect Park Alliance
62407,Prospect Park Alliance
62393,Prospect Park Alliance
62403,Prospect Park Alliance
62385,Prospect Park Alliance
62332,Wave Hill
62349,Prospect Park Alliance
62304,Art & Antiquities
62420,Prospect Park Alliance
62406,Prospect Park Alliance
62308,Art & Antiquities
62427,Prospect Park Alliance
62331,Wave Hill
62336,Prospect Park Alliance
62337,Prospect Park Alliance
62408,Prospect Park Alliance
62291,Art & Antiquities
62281,Fort Tryon Park Trust
62376,Prospect Park Alliance
62430,Prospect Park Alliance
62317,Art & Antiquities
62297,Art & Antiquities
62358,Prospect Park Alliance
62364,Prospect Park Alliance
62296,Art & Antiquities
62338,Prospect Park Alliance
62248,New York Botanical Garden
62352,Prospect Park Alliance
62329,Wave Hill
62281,Northern Manhattan Parks
62301,Art & Antiquities
62380,Prospect Park Alliance
62388,Prospect Park Alliance
62280,Northern Manhattan Parks
62354,Prospect Park Alliance
62282,Fort Tryon Park Trust
62288,Art & Antiquities
62223,New York Botanical Garden
62225,New York Botanical Garden
62425,Prospect Park Alliance
62315,Art & Antiquities
62244,New York Botanical Garden
62366,Prospect Park Alliance
62278,Fort Tryon Park Trust
62275,The Global Poverty Project
62379,Prospect Park Alliance
62339,Prospect Park Alliance
62421,Prospect Park Alliance
62342,Prospect Park Alliance
62280,Fort Tryon Park Trust
62238,New York Botanical Garden
62250,Historic Tappen Park Community Partnership
62282,Northern Manhattan Parks
62399,Prospect Park Alliance
62328,Wave Hill
62246,New York Botanical Garden
62294,Art & Antiquities
62233,New York Botanical Garden
62293,Art & Antiquities
62381,Prospect Park Alliance
62287,Art & Antiquities
62230,New York Botanical Garden
62300,Art & Antiquities
62299,Art & Antiquities
62226,New York Botanical Garden
62271,Bryant Park Corporation
62434,Prospect Park Alliance
62237,New York Botanical Garden
62387,Prospect Park Alliance
62416,Prospect Park Alliance
